accuracy,loss,precision,recall,val_accuracy,val_loss,val_precision,val_recall,learning_rate
0.721875011920929,0.6450974941253662,0.721875011920929,0.721875011920929,0.7875000238418579,0.5653032064437866,0.7875000238418579,0.7875000238418579,0.0010000000474974513
0.801562488079071,0.4613165855407715,0.801562488079071,0.801562488079071,0.824999988079071,0.43826666474342346,0.824999988079071,0.824999988079071,0.0010000000474974513
0.8265625238418579,0.37850069999694824,0.8265625238418579,0.8265625238418579,0.8187500238418579,0.4138707220554352,0.8187500238418579,0.8187500238418579,0.0010000000474974513
0.84375,0.36976462602615356,0.84375,0.84375,0.7250000238418579,0.5309287905693054,0.7250000238418579,0.7250000238418579,0.0010000000474974513
0.8734375238418579,0.3156091570854187,0.8734375238418579,0.8734375238418579,0.831250011920929,0.43951621651649475,0.831250011920929,0.831250011920929,0.0010000000474974513
0.8656250238418579,0.3149566352367401,0.8656250238418579,0.8656250238418579,0.8187500238418579,0.4306205213069916,0.8187500238418579,0.8187500238418579,0.0010000000474974513
0.878125011920929,0.3091032803058624,0.878125011920929,0.878125011920929,0.800000011920929,0.4863206446170807,0.800000011920929,0.800000011920929,0.0005000000237487257
0.8843749761581421,0.28448429703712463,0.8843749761581421,0.8843749761581421,0.8062499761581421,0.4320871829986572,0.8062499761581421,0.8062499761581421,0.0005000000237487257
